{"description": "", "citation": "", "homepage": "", "license": "", "features": {"ind": {"dtype": "int32", "_type": "Value"}, "activity_label": {"dtype": "string", "_type": "Value"}, "ctx_a": {"dtype": "string", "_type": "Value"}, "ctx_b": {"dtype": "string", "_type": "Value"}, "ctx": {"dtype": "string", "_type": "Value"}, "endings": {"feature": {"dtype": "string", "_type": "Value"}, "_type": "List"}, "source_id": {"dtype": "string", "_type": "Value"}, "split": {"dtype": "string", "_type": "Value"}, "split_type": {"dtype": "string", "_type": "Value"}, "label": {"dtype": "string", "_type": "Value"}}, "builder_name": "parquet", "dataset_name": "hellaswag", "config_name": "default", "version": {"version_str": "0.0.0", "major": 0, "minor": 0, "patch": 0}, "splits": {"train": {"name": "train", "num_bytes": 43237613, "num_examples": 39905, "dataset_name": "hellaswag"}, "test": {"name": "test", "num_bytes": 10793104, "num_examples": 10003, "dataset_name": "hellaswag"}, "validation": {"name": "validation", "num_bytes": 11176973, "num_examples": 10042, "dataset_name": "hellaswag"}}, "download_checksums": {"hf://datasets/hellaswag@218ec52e09a7e7462a5400043bb9a69a41d06b76/data/train-00000-of-00001.parquet": {"num_bytes": 24365524, "checksum": null}, "hf://datasets/hellaswag@218ec52e09a7e7462a5400043bb9a69a41d06b76/data/test-00000-of-00001.parquet": {"num_bytes": 6112397, "checksum": null}, "hf://datasets/hellaswag@218ec52e09a7e7462a5400043bb9a69a41d06b76/data/validation-00000-of-00001.parquet": {"num_bytes": 6315951, "checksum": null}}, "download_size": 36793872, "dataset_size": 65207690, "size_in_bytes": 102001562}