{"description": "", "citation": "", "homepage": "", "license": "", "features": {"question": {"dtype": "string", "_type": "Value"}, "subject": {"dtype": "string", "_type": "Value"}, "choices": {"feature": {"dtype": "string", "_type": "Value"}, "_type": "List"}, "answer": {"names": ["A", "B", "C", "D"], "_type": "ClassLabel"}}, "builder_name": "parquet", "dataset_name": "mmlu", "config_name": "professional_accounting", "version": {"version_str": "0.0.0", "major": 0, "minor": 0, "patch": 0}, "splits": {"test": {"name": "test", "num_bytes": 132188, "num_examples": 282, "dataset_name": "mmlu"}, "validation": {"name": "validation", "num_bytes": 15201, "num_examples": 31, "dataset_name": "mmlu"}, "dev": {"name": "dev", "num_bytes": 2272, "num_examples": 5, "dataset_name": "mmlu"}}, "download_checksums": {"hf://datasets/cais/mmlu@c30699e8356da336a370243923dbaf21066bb9fe/professional_accounting/test-00000-of-00001.parquet": {"num_bytes": 69518, "checksum": null}, "hf://datasets/cais/mmlu@c30699e8356da336a370243923dbaf21066bb9fe/professional_accounting/validation-00000-of-00001.parquet": {"num_bytes": 12892, "checksum": null}, "hf://datasets/cais/mmlu@c30699e8356da336a370243923dbaf21066bb9fe/professional_accounting/dev-00000-of-00001.parquet": {"num_bytes": 4887, "checksum": null}}, "download_size": 87297, "dataset_size": 149661, "size_in_bytes": 236958}