{"description": "", "citation": "", "homepage": "", "license": "", "features": {"question": {"dtype": "string", "_type": "Value"}, "subject": {"dtype": "string", "_type": "Value"}, "choices": {"feature": {"dtype": "string", "_type": "Value"}, "_type": "List"}, "answer": {"names": ["A", "B", "C", "D"], "_type": "ClassLabel"}}, "builder_name": "parquet", "dataset_name": "mmlu", "config_name": "virology", "version": {"version_str": "0.0.0", "major": 0, "minor": 0, "patch": 0}, "splits": {"test": {"name": "test", "num_bytes": 40760, "num_examples": 166, "dataset_name": "mmlu"}, "validation": {"name": "validation", "num_bytes": 5670, "num_examples": 18, "dataset_name": "mmlu"}, "dev": {"name": "dev", "num_bytes": 1145, "num_examples": 5, "dataset_name": "mmlu"}}, "download_checksums": {"hf://datasets/cais/mmlu@c30699e8356da336a370243923dbaf21066bb9fe/virology/test-00000-of-00001.parquet": {"num_bytes": 27310, "checksum": null}, "hf://datasets/cais/mmlu@c30699e8356da336a370243923dbaf21066bb9fe/virology/validation-00000-of-00001.parquet": {"num_bytes": 7047, "checksum": null}, "hf://datasets/cais/mmlu@c30699e8356da336a370243923dbaf21066bb9fe/virology/dev-00000-of-00001.parquet": {"num_bytes": 3872, "checksum": null}}, "download_size": 38229, "dataset_size": 47575, "size_in_bytes": 85804}