{"description": "", "citation": "", "homepage": "", "license": "", "features": {"question": {"dtype": "string", "_type": "Value"}, "subject": {"dtype": "string", "_type": "Value"}, "choices": {"feature": {"dtype": "string", "_type": "Value"}, "_type": "List"}, "answer": {"names": ["A", "B", "C", "D"], "_type": "ClassLabel"}}, "builder_name": "parquet", "dataset_name": "mmlu", "config_name": "elementary_mathematics", "version": {"version_str": "0.0.0", "major": 0, "minor": 0, "patch": 0}, "splits": {"test": {"name": "test", "num_bytes": 79972, "num_examples": 378, "dataset_name": "mmlu"}, "validation": {"name": "validation", "num_bytes": 10048, "num_examples": 41, "dataset_name": "mmlu"}, "dev": {"name": "dev", "num_bytes": 1559, "num_examples": 5, "dataset_name": "mmlu"}}, "download_checksums": {"hf://datasets/cais/mmlu@c30699e8356da336a370243923dbaf21066bb9fe/elementary_mathematics/test-00000-of-00001.parquet": {"num_bytes": 41056, "checksum": null}, "hf://datasets/cais/mmlu@c30699e8356da336a370243923dbaf21066bb9fe/elementary_mathematics/validation-00000-of-00001.parquet": {"num_bytes": 9384, "checksum": null}, "hf://datasets/cais/mmlu@c30699e8356da336a370243923dbaf21066bb9fe/elementary_mathematics/dev-00000-of-00001.parquet": {"num_bytes": 4547, "checksum": null}}, "download_size": 54987, "dataset_size": 91579, "size_in_bytes": 146566}