{"description": "", "citation": "", "homepage": "", "license": "", "features": {"question": {"dtype": "string", "_type": "Value"}, "subject": {"dtype": "string", "_type": "Value"}, "choices": {"feature": {"dtype": "string", "_type": "Value"}, "_type": "List"}, "answer": {"names": ["A", "B", "C", "D"], "_type": "ClassLabel"}}, "builder_name": "parquet", "dataset_name": "mmlu", "config_name": "conceptual_physics", "version": {"version_str": "0.0.0", "major": 0, "minor": 0, "patch": 0}, "splits": {"test": {"name": "test", "num_bytes": 45897, "num_examples": 235, "dataset_name": "mmlu"}, "validation": {"name": "validation", "num_bytes": 5038, "num_examples": 26, "dataset_name": "mmlu"}, "dev": {"name": "dev", "num_bytes": 1033, "num_examples": 5, "dataset_name": "mmlu"}}, "download_checksums": {"hf://datasets/cais/mmlu@c30699e8356da336a370243923dbaf21066bb9fe/conceptual_physics/test-00000-of-00001.parquet": {"num_bytes": 25031, "checksum": null}, "hf://datasets/cais/mmlu@c30699e8356da336a370243923dbaf21066bb9fe/conceptual_physics/validation-00000-of-00001.parquet": {"num_bytes": 5978, "checksum": null}, "hf://datasets/cais/mmlu@c30699e8356da336a370243923dbaf21066bb9fe/conceptual_physics/dev-00000-of-00001.parquet": {"num_bytes": 3959, "checksum": null}}, "download_size": 34968, "dataset_size": 51968, "size_in_bytes": 86936}