{"description": "", "citation": "", "homepage": "", "license": "", "features": {"question": {"dtype": "string", "_type": "Value"}, "subject": {"dtype": "string", "_type": "Value"}, "choices": {"feature": {"dtype": "string", "_type": "Value"}, "_type": "List"}, "answer": {"names": ["A", "B", "C", "D"], "_type": "ClassLabel"}}, "builder_name": "parquet", "dataset_name": "mmlu", "config_name": "college_biology", "version": {"version_str": "0.0.0", "major": 0, "minor": 0, "patch": 0}, "splits": {"test": {"name": "test", "num_bytes": 51539, "num_examples": 144, "dataset_name": "mmlu"}, "validation": {"name": "validation", "num_bytes": 5113, "num_examples": 16, "dataset_name": "mmlu"}, "dev": {"name": "dev", "num_bytes": 1616, "num_examples": 5, "dataset_name": "mmlu"}}, "download_checksums": {"hf://datasets/cais/mmlu@c30699e8356da336a370243923dbaf21066bb9fe/college_biology/test-00000-of-00001.parquet": {"num_bytes": 31845, "checksum": null}, "hf://datasets/cais/mmlu@c30699e8356da336a370243923dbaf21066bb9fe/college_biology/validation-00000-of-00001.parquet": {"num_bytes": 6899, "checksum": null}, "hf://datasets/cais/mmlu@c30699e8356da336a370243923dbaf21066bb9fe/college_biology/dev-00000-of-00001.parquet": {"num_bytes": 4273, "checksum": null}}, "download_size": 43017, "dataset_size": 58268, "size_in_bytes": 101285}