{"description": "", "citation": "", "homepage": "", "license": "", "features": {"question": {"dtype": "string", "_type": "Value"}, "subject": {"dtype": "string", "_type": "Value"}, "choices": {"feature": {"dtype": "string", "_type": "Value"}, "_type": "List"}, "answer": {"names": ["A", "B", "C", "D"], "_type": "ClassLabel"}}, "builder_name": "parquet", "dataset_name": "mmlu", "config_name": "high_school_chemistry", "version": {"version_str": "0.0.0", "major": 0, "minor": 0, "patch": 0}, "splits": {"test": {"name": "test", "num_bytes": 63553, "num_examples": 203, "dataset_name": "mmlu"}, "validation": {"name": "validation", "num_bytes": 7633, "num_examples": 22, "dataset_name": "mmlu"}, "dev": {"name": "dev", "num_bytes": 1334, "num_examples": 5, "dataset_name": "mmlu"}}, "download_checksums": {"hf://datasets/cais/mmlu@c30699e8356da336a370243923dbaf21066bb9fe/high_school_chemistry/test-00000-of-00001.parquet": {"num_bytes": 33334, "checksum": null}, "hf://datasets/cais/mmlu@c30699e8356da336a370243923dbaf21066bb9fe/high_school_chemistry/validation-00000-of-00001.parquet": {"num_bytes": 8309, "checksum": null}, "hf://datasets/cais/mmlu@c30699e8356da336a370243923dbaf21066bb9fe/high_school_chemistry/dev-00000-of-00001.parquet": {"num_bytes": 4156, "checksum": null}}, "download_size": 45799, "dataset_size": 72520, "size_in_bytes": 118319}