{"description": "", "citation": "", "homepage": "", "license": "", "features": {"question": {"dtype": "string", "_type": "Value"}, "subject": {"dtype": "string", "_type": "Value"}, "choices": {"feature": {"dtype": "string", "_type": "Value"}, "_type": "List"}, "answer": {"names": ["A", "B", "C", "D"], "_type": "ClassLabel"}}, "builder_name": "parquet", "dataset_name": "mmlu", "config_name": "logical_fallacies", "version": {"version_str": "0.0.0", "major": 0, "minor": 0, "patch": 0}, "splits": {"test": {"name": "test", "num_bytes": 53549, "num_examples": 163, "dataset_name": "mmlu"}, "validation": {"name": "validation", "num_bytes": 5472, "num_examples": 18, "dataset_name": "mmlu"}, "dev": {"name": "dev", "num_bytes": 1667, "num_examples": 5, "dataset_name": "mmlu"}}, "download_checksums": {"hf://datasets/cais/mmlu@c30699e8356da336a370243923dbaf21066bb9fe/logical_fallacies/test-00000-of-00001.parquet": {"num_bytes": 23022, "checksum": null}, "hf://datasets/cais/mmlu@c30699e8356da336a370243923dbaf21066bb9fe/logical_fallacies/validation-00000-of-00001.parquet": {"num_bytes": 6524, "checksum": null}, "hf://datasets/cais/mmlu@c30699e8356da336a370243923dbaf21066bb9fe/logical_fallacies/dev-00000-of-00001.parquet": {"num_bytes": 4123, "checksum": null}}, "download_size": 33669, "dataset_size": 60688, "size_in_bytes": 94357}