{"description": "", "citation": "", "homepage": "", "license": "", "features": {"question": {"dtype": "string", "_type": "Value"}, "subject": {"dtype": "string", "_type": "Value"}, "choices": {"feature": {"dtype": "string", "_type": "Value"}, "_type": "List"}, "answer": {"names": ["A", "B", "C", "D"], "_type": "ClassLabel"}}, "builder_name": "parquet", "dataset_name": "mmlu", "config_name": "high_school_physics", "version": {"version_str": "0.0.0", "major": 0, "minor": 0, "patch": 0}, "splits": {"test": {"name": "test", "num_bytes": 63018, "num_examples": 151, "dataset_name": "mmlu"}, "validation": {"name": "validation", "num_bytes": 7153, "num_examples": 17, "dataset_name": "mmlu"}, "dev": {"name": "dev", "num_bytes": 1593, "num_examples": 5, "dataset_name": "mmlu"}}, "download_checksums": {"hf://datasets/cais/mmlu@c30699e8356da336a370243923dbaf21066bb9fe/high_school_physics/test-00000-of-00001.parquet": {"num_bytes": 32950, "checksum": null}, "hf://datasets/cais/mmlu@c30699e8356da336a370243923dbaf21066bb9fe/high_school_physics/validation-00000-of-00001.parquet": {"num_bytes": 7962, "checksum": null}, "hf://datasets/cais/mmlu@c30699e8356da336a370243923dbaf21066bb9fe/high_school_physics/dev-00000-of-00001.parquet": {"num_bytes": 4571, "checksum": null}}, "download_size": 45483, "dataset_size": 71764, "size_in_bytes": 117247}