{"description": "", "citation": "", "homepage": "", "license": "", "features": {"question": {"dtype": "string", "_type": "Value"}, "subject": {"dtype": "string", "_type": "Value"}, "choices": {"feature": {"dtype": "string", "_type": "Value"}, "_type": "List"}, "answer": {"names": ["A", "B", "C", "D"], "_type": "ClassLabel"}}, "builder_name": "parquet", "dataset_name": "mmlu", "config_name": "professional_medicine", "version": {"version_str": "0.0.0", "major": 0, "minor": 0, "patch": 0}, "splits": {"test": {"name": "test", "num_bytes": 224383, "num_examples": 272, "dataset_name": "mmlu"}, "validation": {"name": "validation", "num_bytes": 24614, "num_examples": 31, "dataset_name": "mmlu"}, "dev": {"name": "dev", "num_bytes": 3921, "num_examples": 5, "dataset_name": "mmlu"}}, "download_checksums": {"hf://datasets/cais/mmlu@c30699e8356da336a370243923dbaf21066bb9fe/professional_medicine/test-00000-of-00001.parquet": {"num_bytes": 124933, "checksum": null}, "hf://datasets/cais/mmlu@c30699e8356da336a370243923dbaf21066bb9fe/professional_medicine/validation-00000-of-00001.parquet": {"num_bytes": 19864, "checksum": null}, "hf://datasets/cais/mmlu@c30699e8356da336a370243923dbaf21066bb9fe/professional_medicine/dev-00000-of-00001.parquet": {"num_bytes": 8445, "checksum": null}}, "download_size": 153242, "dataset_size": 252918, "size_in_bytes": 406160}