{"description": "", "citation": "", "homepage": "", "license": "", "features": {"question": {"dtype": "string", "_type": "Value"}, "subject": {"dtype": "string", "_type": "Value"}, "choices": {"feature": {"dtype": "string", "_type": "Value"}, "_type": "List"}, "answer": {"names": ["A", "B", "C", "D"], "_type": "ClassLabel"}}, "builder_name": "parquet", "dataset_name": "mmlu", "config_name": "medical_genetics", "version": {"version_str": "0.0.0", "major": 0, "minor": 0, "patch": 0}, "splits": {"test": {"name": "test", "num_bytes": 22865, "num_examples": 100, "dataset_name": "mmlu"}, "validation": {"name": "validation", "num_bytes": 3215, "num_examples": 11, "dataset_name": "mmlu"}, "dev": {"name": "dev", "num_bytes": 1178, "num_examples": 5, "dataset_name": "mmlu"}}, "download_checksums": {"hf://datasets/cais/mmlu@c30699e8356da336a370243923dbaf21066bb9fe/medical_genetics/test-00000-of-00001.parquet": {"num_bytes": 16379, "checksum": null}, "hf://datasets/cais/mmlu@c30699e8356da336a370243923dbaf21066bb9fe/medical_genetics/validation-00000-of-00001.parquet": {"num_bytes": 5630, "checksum": null}, "hf://datasets/cais/mmlu@c30699e8356da336a370243923dbaf21066bb9fe/medical_genetics/dev-00000-of-00001.parquet": {"num_bytes": 3766, "checksum": null}}, "download_size": 25775, "dataset_size": 27258, "size_in_bytes": 53033}